# x_m,y_m,w_tr_right_m,w_tr_left_m,v,theta
0.1868001302083327,0.0,1.5,1.5,2,0
0.3736002604166657,0.0,1.5,1.5,2,0
0.5604003906249985,0.0,1.5,1.5,2,0
0.7472005208333311,0.0,1.5,1.5,2,0
0.9340006510416644,0.0,1.5,1.5,2,0
1.1208007812499972,0.0,1.5,1.5,2,0
1.30760091145833,0.0,1.5,1.5,2,0
1.4944010416666624,0.0,1.5,1.5,2,0
1.6812011718749955,0.0,1.5,1.5,2,0
1.8680013020833288,0.0,1.5,1.5,2,0
2.054801432291667,0.0,1.5,1.5,2,0
2.241601562500005,0.0,1.5,1.5,2,0
2.428401692708338,0.0,1.5,1.5,2,0
2.6152018229166707,0.0,1.5,1.5,2,0
2.802001953125004,0.0,1.5,1.5,2,0
2.988802083333337,0.0,1.5,1.5,2,0
3.1756022135416693,0.0,1.5,1.5,2,0
3.362402343750003,0.0,1.5,1.5,2,0
3.549202473958335,0.0,1.5,1.5,2,0
3.736002604166668,0.0,1.5,1.5,2,0
3.922688880181136,0.0065204510978949,1.5,1.5,2,0
4.109375156195604,0.01304090219579,1.5,1.5,2,0
4.295151543483437,0.0325709398202231,1.5,1.5,2,0
4.480927930771269,0.052100977444656,1.5,1.5,2,0
4.664888982866263,0.0845449212607983,1.5,1.5,2,0
4.848850034961256,0.1169888650769407,1.5,1.5,2,0
5.030099144725526,0.162188928039507,1.5,1.5,2,0
5.211348254489796,0.207388991002073,1.5,1.5,2,0
5.3890020373716,0.2651247263591221,1.5,1.5,2,0
5.566655820253404,0.3228604617161713,1.5,1.5,2,0
5.739848412856999,0.3928505269298928,1.5,1.5,2,0
5.913041005460595,0.462840592143614,1.5,1.5,2,0
6.0809282884212745,0.544743845603575,1.5,1.5,2,0
6.248815571381954,0.6266470990635362,1.5,1.5,2,0
6.410579282518668,0.720064360361782,1.5,1.5,2,0
6.572342993655384,0.813481621660028,1.5,1.5,2,0
6.727194716408618,0.9179575845618758,1.5,1.5,2,0
6.882046439161849,1.0224335474637234,1.5,1.5,2,0
7.029231445134486,1.1374590094693868,1.5,1.5,2,0
7.176416451107124,1.25248447147505,1.5,1.5,2,0
7.315217378551332,1.3774988123476977,1.5,1.5,2,0
7.454018305995545,1.5025131532203453,1.5,1.5,2,0
7.5837586561363395,1.636907068378516,1.5,1.5,2,0
7.713499006277135,1.7713009835366873,1.5,1.5,2,0
7.833546440487799,1.9144194534299943,1.5,1.5,2,0
7.953593874698463,2.057537923323302,1.5,1.5,2,0
8.063363296440953,2.208683406007072,1.5,1.5,2,0
8.173132718183446,2.3598288886908416,1.5,1.5,2,0
8.272089124697702,2.518264719534131,1.5,1.5,2,0
8.371045531211962,2.6767005503774186,1.5,1.5,2,0
8.458706621054041,2.841654532484135,1.5,1.5,2,0
8.54636771089612,3.006608514590852,1.5,1.5,2,0
8.622306234616488,3.177276682390927,1.5,1.5,2,0
8.698244758336855,3.347944850191001,1.5,1.5,2,0
8.7620906008421,3.523495387871087,1.5,1.5,2,0
8.825936443347345,3.699045925551173,1.5,1.5,2,0
8.877378427795913,3.8786232212231537,1.5,1.5,2,0
8.928820412244484,4.058200516895133,1.5,1.5,2,0
8.967607816684652,4.240929332744079,1.5,1.5,2,0
9.006395221124816,4.423658148593025,1.5,1.5,2,0
9.032339000482846,4.608647886679409,1.5,1.5,2,0
9.058282779840871,4.793637624765793,1.5,1.5,2,0
9.071256487303636,4.979986667691165,1.5,1.5,2,0
9.084230194766402,5.166335710616536,1.5,1.5,2,0
9.084170598067695,5.3531358158965965,1.5,1.5,2,0
9.08411100136899,5.539935921176657,1.5,1.5,2,0
9.07101839097589,5.726276647904266,1.5,1.5,2,0
9.057925780582792,5.912617374631876,1.5,1.5,2,0
9.031863968279977,6.097590520854873,1.5,1.5,2,0
9.005802155977157,6.28256366707787,1.5,1.5,2,0
8.966898163855996,6.4652676962645295,1.5,1.5,2,0
8.92799417173483,6.647971725451189,1.5,1.5,2,0
8.876437613103278,6.82751616046918,1.5,1.5,2,0
8.824881054471724,7.007060595487172,1.5,1.5,2,0
8.76092320970219,7.182570358680394,1.5,1.5,2,0
8.696965364932653,7.358080121873613,1.5,1.5,2,0
8.620917956752127,7.528699800083896,1.5,1.5,2,0
8.544870548571593,7.699319478294175,1.5,1.5,2,0
8.45710422276315,7.864217492040386,1.5,1.5,2,0
8.369337896954699,8.029115505786596,1.5,1.5,2,0
8.270280415875188,8.187488162282266,1.5,1.5,2,0
8.17122293479568,8.345860818777933,1.5,1.5,2,0
8.061357092514243,8.496936229028869,1.5,1.5,2,0
7.9514912502328,8.648011639279808,1.5,1.5,2,0
7.831352519451491,8.791053480187927,1.5,1.5,2,0
7.711213788670184,8.934095321096045,1.5,1.5,2,0
7.581387710895429,9.068406424165577,1.5,1.5,2,0
7.451561633120674,9.202717527235102,1.5,1.5,2,0
7.312680964805429,9.327643276650829,1.5,1.5,2,0
7.17380029649018,9.452569026066552,1.5,1.5,2,0
7.02654192505624,9.567500548580632,1.5,1.5,2,0
6.879283553622299,9.682432071094714,1.5,1.5,2,0
6.724365198393633,9.786809206022806,1.5,1.5,2,0
6.569446843164968,9.891186340950895,1.5,1.5,2,0
6.407623557291387,9.984500361032234,1.5,1.5,2,0
6.245800271417807,10.077814381113573,1.5,1.5,2,0
6.07786076183805,10.1596105076249,1.5,1.5,2,0
5.909921252258295,10.241406634136236,1.5,1.5,2,0
5.736684035638753,10.311286116868212,1.5,1.5,2,0
5.563446819019212,10.381165599600193,1.5,1.5,2,0
5.385756232403573,10.43878818322808,1.5,1.5,2,0
5.208065645787933,10.49641076685597,1.5,1.5,2,0
5.026787731401551,10.54149434823988,1.5,1.5,2,0
4.84550981701517,10.586577929623784,1.5,1.5,2,0
4.661528101280988,10.618907585792371,1.5,1.5,2,0
4.477546385546805,10.65123724196096,1.5,1.5,2,0
4.291757572885411,10.670637025250944,1.5,1.5,2,0
4.105968760224017,10.690036808540928,1.5,1.5,2,0
3.919278362625808,10.696482365239886,1.5,1.5,2,0
3.732587965027598,10.70292792193884,1.5,1.5,2,0
3.545905888697858,10.709524439203502,1.5,1.5,2,0
3.3592238123681177,10.716120956468158,1.5,1.5,2,0
3.173459922955297,10.735781188057851,1.5,1.5,2,0
2.987696033542476,10.755441419647546,1.5,1.5,2,0
2.8037557215640674,10.78799958242642,1.5,1.5,2,0
2.619815409585659,10.820557745205292,1.5,1.5,2,0
2.438595177665377,10.865874304813158,1.5,1.5,2,0
2.257374945745095,10.911190864421016,1.5,1.5,2,0
2.079758039168528,10.969039714036494,1.5,1.5,2,0
1.9021411325919608,11.026888563651976,1.5,1.5,2,0
1.7289932344768957,11.096989187913504,1.5,1.5,2,0
1.5558453363618303,11.167089812175032,1.5,1.5,2,0
1.3880103484243804,11.249100157506769,1.5,1.5,2,0
1.2201753604869303,11.3311105028385,1.5,1.5,2,0
1.0584712899678124,11.424630967859644,1.5,1.5,2,0
0.8967672194486943,11.518151432880794,1.5,1.5,2,0
0.7419821922449065,11.62272618102784,1.5,1.5,2,0
0.5871971650411183,11.727300929174886,1.5,1.5,2,0
0.4400855844800145,11.842420283874784,1.5,1.5,2,0
0.2929740039189105,11.957539638574682,1.5,1.5,2,0
0.1542528738753288,12.082642519968696,1.5,1.5,2,0
0.0155317438317474,12.207745401362711,1.5,1.5,2,0
-0.1141228258114636,12.342222073874009,1.5,1.5,2,0
-0.2437773954546748,12.476698746385305,1.5,1.5,2,0
-0.3637334842730639,12.61989378697091,1.5,1.5,2,0
-0.4836895730914534,12.763088827556516,1.5,1.5,2,0
-0.593362529302599,12.91430432110328,1.5,1.5,2,0
-0.7030354855137446,13.065519814650044,1.5,1.5,2,0
-0.8018907782305789,13.224018755336706,1.5,1.5,2,0
-0.900746070947413,13.382517696023369,1.5,1.5,2,0
-0.9883018850445332,13.547527579196796,1.5,1.5,2,0
-1.075857699141654,13.712537462370229,1.5,1.5,2,0
-1.151687322930815,13.883254050650516,1.5,1.5,2,0
-1.227516946719977,14.0539706389308,1.5,1.5,2,0
-1.2912507023095203,14.229561878058473,1.5,1.5,2,0
-1.3549844578990644,14.40515311718614,1.5,1.5,2,0
-1.406312069644592,14.5847632061953,1.5,1.5,2,0
-1.4576396813901198,14.764373295204464,1.5,1.5,2,0
-1.4963096389306294,14.94712680119643,1.5,1.5,2,0
-1.534979596471139,15.12988030718839,1.5,1.5,2,0
-1.5608085296440244,15.314886645541057,1.5,1.5,2,0
-1.58663746281691,15.499892983893725,1.5,1.5,2,0
-1.59948015232626,15.68624994962735,1.5,1.5,2,0
-1.61232284183561,15.872606915360974,1.5,1.5,2,0
-1.6155859368862604,16.059378518574377,1.5,1.5,2,0
-1.6188490319369109,16.24615012178778,1.5,1.5,2,0
-1.6320702409339882,16.43248290291992,1.5,1.5,2,0
-1.6452914499310651,16.618815684052063,1.5,1.5,2,0
-1.6714661420385166,16.80377235828938,1.5,1.5,2,0
-1.697640834145968,16.988729032526685,1.5,1.5,2,0
-1.7366603184193894,17.17140863819535,1.5,1.5,2,0
-1.7756798026928102,17.354088243864016,1.5,1.5,2,0
-1.8273487709977945,17.533600288443576,1.5,1.5,2,0
-1.8790177393027785,17.71311233302314,1.5,1.5,2,0
-1.9430857579585723,17.88858193325364,1.5,1.5,2,0
-2.0071537766143663,18.06405153348414,1.5,1.5,2,0
-2.08330820703579,18.23462346203232,1.5,1.5,2,0
-2.1594626374572137,18.405195390580506,1.5,1.5,2,0
-2.2473324151650123,18.57003830338723,1.5,1.5,2,0
-2.33520219287281,18.73488121619395,1.5,1.5,2,0
-2.4343590233478625,18.89319168829544,1.5,1.5,2,0
-2.533515853822916,19.05150216039694,1.5,1.5,2,0
-2.6434764663684933,19.20250860607881,1.5,1.5,2,0
-2.753437078914072,19.353515051760706,1.5,1.5,2,0
-2.8736655368690016,19.49648148398885,1.5,1.5,2,0
-2.993893994823931,19.63944791621701,1.5,1.5,2,0
-3.1238043199216854,19.773677534069968,1.5,1.5,2,0
-3.253714645019439,19.90790715192293,1.5,1.5,2,0
-3.392673670044063,20.0327457366272,1.5,1.5,2,0
-3.531632695068687,20.157584321331463,1.5,1.5,2,0
-3.678963150738468,20.272423424867647,1.5,1.5,2,0
-3.826293606408249,20.387262528403824,1.5,1.5,2,0
-3.9812774220582376,20.491542439001567,1.5,1.5,2,0
-4.136261237708226,20.595822349599302,1.5,1.5,2,0
-4.298143041145487,20.68903481970586,1.5,1.5,2,0
-4.460024844582747,20.782247289812403,1.5,1.5,2,0
-4.62801564366021,20.863938013228697,1.5,1.5,2,0
-4.796006442737672,20.945628736644988,1.5,1.5,2,0
-4.9692874708103965,21.01539956275868,1.5,1.5,2,0
-5.142568498883122,21.08517038887236,1.5,1.5,2,0
-5.320295205375649,21.142681263195293,1.5,1.5,2,0
-5.498021911868176,21.20019213751821,1.5,1.5,2,0
-5.679328078511268,21.245162759070453,1.5,1.5,2,0
-5.860634245154359,21.2901333806227,1.5,1.5,2,0
-6.044636207827002,21.32234456808535,1.5,1.5,2,0
-6.228638170499647,21.354555755548,1.5,1.5,2,0
-6.414439126100144,21.373850515526136,1.5,1.5,2,0
-6.600240081700641,21.39314527550427,1.5,1.5,2,0
-6.786934459055373,21.39942956769356,1.5,1.5,2,0
-6.973628836410107,21.405713859882862,1.5,1.5,2,0
-7.160306709916954,21.39895705541061,1.5,1.5,2,0
-7.346984583423799,21.39220025093836,1.5,1.5,2,0
-7.532736107918354,21.37243528164482,1.5,1.5,2,0
-7.718487632412914,21.35267031235127,1.5,1.5,2,0
-7.902407477642797,21.319993510283908,1.5,1.5,2,0
-8.08632732287268,21.28731670821654,1.5,1.5,2,0
-8.267519085966624,21.241887336119355,1.5,1.5,2,0
-8.448710849060571,21.19645796402217,1.5,1.5,2,0
-8.626291423486602,21.13849743910859,1.5,1.5,2,0
-8.803871997912633,21.08053691419501,1.5,1.5,2,0
-8.976975877631455,21.010327728987388,1.5,1.5,2,0
-9.150079757350277,20.94011854377976,1.5,1.5,2,0
-9.3178632551861,20.85800288927526,1.5,1.5,2,0
-9.48564675302193,20.775887234770764,1.5,1.5,2,0
-9.647292112690556,20.68226533264433,1.5,1.5,2,0
-9.808937472359183,20.58864343051791,1.5,1.5,2,0
-9.963656854113134,20.48397158249056,1.5,1.5,2,0
-10.118376235867084,20.379299734463192,1.5,1.5,2,0
-10.265415556327138,20.26408809834337,1.5,1.5,2,0
-10.412454876787187,20.14887646222356,1.5,1.5,2,0
-10.551097484264751,20.023686565459272,1.5,1.5,2,0
-10.68974009174232,19.89849666869498,1.5,1.5,2,0
-10.819310259066963,19.763938671561696,1.5,1.5,2,0
-10.948880426391606,19.62938067442842,1.5,1.5,2,0
-11.06874664449344,19.48611039616642,1.5,1.5,2,0
-11.188612862595274,19.342840117904423,1.5,1.5,2,0
-11.298190917759836,19.19155584039626,1.5,1.5,2,0
-11.407768972924398,19.04027156288809,1.5,1.5,2,0
-11.506524796603683,18.88171062709039,1.5,1.5,2,0
-11.605280620282976,18.723149691292683,1.5,1.5,2,0
-11.692732882940646,18.558084904383907,1.5,1.5,2,0
-11.780185145598317,18.39302011747513,1.5,1.5,2,0
-11.855907637099136,18.222255983055675,1.5,1.5,2,0
-11.931630128599956,18.051491848636218,1.5,1.5,2,0
-11.995253705680808,17.87586065785682,1.5,1.5,2,0
-12.058877282761664,17.70022946707742,1.5,1.5,2,0
-12.110092157422178,17.520587196251938,1.5,1.5,2,0
-12.161307032082696,17.340944925426463,1.5,1.5,2,0
-12.199862438002196,17.158167237068255,1.5,1.5,2,0
-12.238417843921695,16.97538954871005,1.5,1.5,2,0
-12.264130204299835,16.790366871990983,1.5,1.5,2,0
-12.289842564677976,16.605344195271922,1.5,1.5,2,0
-12.302570238664854,16.418979841369328,1.5,1.5,2,0
-12.315297912651731,16.232615487466738,1.5,1.5,2,0
-12.3167844556109,16.04581960496024,1.5,1.5,2,0
-12.318270998570064,15.859023722453747,1.5,1.5,2,0
-12.318280512887316,15.672224234837318,1.5,1.5,2,0
-12.31829002720456,15.48542474722089,1.5,1.5,2,0
-12.318287477850935,15.298624444830578,1.5,1.5,2,0
-12.318284928497311,15.111824142440264,1.5,1.5,2,0
-12.318285611594558,14.92502405836795,1.5,1.5,2,0
-12.3182862946918,14.73822397429563,1.5,1.5,2,0
-12.318286111656446,14.551423831725188,1.5,1.5,2,0
-12.318285928621096,14.364623689154746,1.5,1.5,2,0
-12.318285977665264,14.177823562258832,1.5,1.5,2,0
-12.318286026709435,13.991023435362912,1.5,1.5,2,0
-12.318286013568096,13.804223304267024,1.5,1.5,2,0
-12.31828600042675,13.617423173171137,1.5,1.5,2,0
-12.318286003947955,13.430623043200626,1.5,1.5,2,0
-12.31828600746917,13.24382291323012,1.5,1.5,2,0
-12.318286006525668,13.057022782958056,1.5,1.5,2,0
-12.318286005582166,12.870222652685992,1.5,1.5,2,0
-12.318286005834976,12.683422522494734,1.5,1.5,2,0
-12.318286006087789,12.496622392303475,1.5,1.5,2,0
-12.318286006020047,12.309822262090568,1.5,1.5,2,0
-12.318286005952304,12.123022131877654,1.5,1.5,2,0
-12.318286005970458,11.936222001670547,1.5,1.5,2,0
-12.318286005988616,11.749421871463442,1.5,1.5,2,0
-12.318286005983728,11.562621741254782,1.5,1.5,2,0
-12.318286005978845,11.375821611046124,1.5,1.5,2,0
-12.318286005980228,11.189021480837882,1.5,1.5,2,0
-12.318286005981614,11.00222135062964,1.5,1.5,2,0
-12.318286005980967,10.815421220421271,1.5,1.5,2,0
-12.318286005980324,10.6286210902129,1.5,1.5,2,0
-12.318286005981523,10.441820960004607,1.5,1.5,2,0
-12.31828600598272,10.25502082979632,1.5,1.5,2,0
-12.318286005978576,10.068220699587858,1.5,1.5,2,0
-12.318286005974432,9.8814205693794,1.5,1.5,2,0
-12.318286005989814,9.69462043917154,1.5,1.5,2,0
-12.3182860060052,9.507820308963682,1.5,1.5,2,0
-12.318286005947794,9.321020178753573,1.5,1.5,2,0
-12.31828600589039,9.134220048543453,1.5,1.5,2,0
-12.318286006104625,8.94741991834174,1.5,1.5,2,0
-12.318286006318855,8.760619788140026,1.5,1.5,2,0
-12.318286005519331,8.573819657907006,1.5,1.5,2,0
-12.318286004719806,8.387019527673981,1.5,1.5,2,0
-12.31828600770367,8.2002193975578,1.5,1.5,2,0
-12.318286010687537,8.013419267441618,1.5,1.5,2,0
-12.318285999551614,7.826619136889361,1.5,1.5,2,0
-12.318285988415695,7.639819006337105,1.5,1.5,2,0
-12.318286029975509,7.453018877412311,1.5,1.5,2,0
-12.318286071535322,7.266218748487518,1.5,1.5,2,0
-12.318285916431975,7.079418613488948,1.5,1.5,2,0
-12.318285761328632,6.892618478490377,1.5,1.5,2,0
-12.318286340182205,6.705818366159449,1.5,1.5,2,0
-12.31828691903578,6.519018253828524,1.5,1.5,2,0
-12.318284758724833,6.332218056900809,1.5,1.5,2,0
-12.318282598413893,6.145417859973094,1.5,1.5,2,0
-12.31829066080408,5.958617978764888,1.5,1.5,2,0
-12.318298723194273,5.771818097556682,1.5,1.5,2,0
-12.318268578890594,5.585017038765279,1.5,1.5,2,0
-12.318238434586917,5.398215979973874,1.5,1.5,2,0
-12.31328679230478,5.211483533555565,1.5,1.5,2,0
-12.30833515002264,5.024751087137255,1.5,1.5,2,0
-12.29041172437939,4.838810924762575,1.5,1.5,2,0
-12.272488298736135,4.652870762387895,1.5,1.5,2,0
-12.24165916750821,4.468633076848799,1.5,1.5,2,0
-12.210830036280283,4.284395391309701,1.5,1.5,2,0
-12.16721523147416,4.102757967250046,1.5,1.5,2,0
-12.123600426668036,3.921120543190391,1.5,1.5,2,0
-12.067420689074549,3.7429687044587503,1.5,1.5,2,0
-12.011240951481064,3.564816865727111,1.5,1.5,2,0
-11.942767887402947,3.391018890416947,1.5,1.5,2,0
-11.874294823324831,3.2172209151067834,1.5,1.5,2,0
-11.793862758372288,3.048623876632126,1.5,1.5,2,0
-11.713430693419744,2.8800268381574696,1.5,1.5,2,0
-11.621431482573318,2.7174524570085907,1.5,1.5,2,0
-11.529432271726884,2.554878075859712,1.5,1.5,2,0
-11.426314351423866,2.399118719961649,1.5,1.5,2,0
-11.323196431120843,2.243359364063586,1.5,1.5,2,0
-11.209462373761273,2.095174185439792,1.5,1.5,2,0
-11.0957283164017,1.9469890068159967,1.5,1.5,2,0
-10.971932451070124,1.8071002419366475,1.5,1.5,2,0
-10.848136585738548,1.6672114770572968,1.5,1.5,2,0
-10.714882277513489,1.536300926740083,1.5,1.5,2,0
-10.581627969288425,1.4053903764228683,1.5,1.5,2,0
-10.4395646836231,1.2840960824779233,1.5,1.5,2,0
-10.297501397957776,1.162801788532977,1.5,1.5,2,0
-10.147321533930416,1.0517149254079303,1.5,1.5,2,0
-9.997141669903057,0.9406280622828832,1.5,1.5,2,0
-9.839577185738264,0.8402900505197284,1.5,1.5,2,0
-9.682012701573472,0.7399520387565737,1.5,1.5,2,0
-9.517831547757057,0.6508519258655385,1.5,1.5,2,0
-9.353650393940638,0.5617518129745029,1.5,1.5,2,0
-9.183652767751097,0.4843238157802751,1.5,1.5,2,0
-9.01365514156155,0.4068958185860473,1.5,1.5,2,0
-8.838669596776867,0.3415174856951122,1.5,1.5,2,0
-8.663684051992185,0.276139152804177,1.5,1.5,2,0
-8.484563423834384,0.223128475603607,1.5,1.5,2,0
-8.305442795676587,0.1701177984030373,1.5,1.5,2,0
-8.123060182593001,0.1297356071354317,1.5,1.5,2,0
-7.940677569509411,0.0893534158678263,1.5,1.5,2,0
-7.755921557172836,0.0617872644660176,1.5,1.5,2,0
-7.571165544836262,0.034221113064209,1.5,1.5,2,0
-7.384937833876836,0.0196401859808686,1.5,1.5,2,0
-7.198710122917412,0.0050592588975283,1.5,1.5,2,0
-7.011924706233318,0.0025270579311039,1.5,1.5,2,0
-6.825139289549225,-5.143035320287482e-06,1.5,1.5,2,0
-6.638340167084112,-1.882481578618922e-06,1.5,1.5,2,0
-6.4515410446190025,1.378072163049637e-06,1.5,1.5,2,0
-6.264740644386688,5.044094208983552e-07,1.5,1.5,2,0
-6.077940244154373,-3.6925332125292693e-07,1.5,1.5,2,0
-5.89114018629875,-1.351560943163577e-07,1.5,1.5,2,0
-5.704340128443128,9.894113262021169e-08,1.5,1.5,2,0
-5.517539978847941,3.6214967025216544e-08,1.5,1.5,2,0
-5.330739829252753,-2.651119856977857e-08,1.5,1.5,2,0
-5.143939704239108,-9.703773784508485e-09,1.5,1.5,2,0
-4.957139579225461,7.103651000761601e-09,1.5,1.5,2,0
-4.770339447625224,2.600117454676366e-09,1.5,1.5,2,0
-4.583539316024987,-1.903416091408871e-09,1.5,1.5,2,0
-4.396739186189608,-6.96696034196975e-10,1.5,1.5,2,0
-4.209939056354231,5.10024023014921e-10,1.5,1.5,2,0
-4.023138926045967,1.8668266932309047e-10,1.5,1.5,2,0
-3.8363387957377033,-1.3665868436874007e-10,1.5,1.5,2,0
-3.649538665556143,-5.002398495435044e-11,1.5,1.5,2,0
-3.4627385353745845,3.661071446003916e-11,1.5,1.5,2,0
-3.275938405159073,1.340261235327489e-11,1.5,1.5,2,0
-3.0891382749435614,-9.80548975348938e-12,1.5,1.5,2,0
-2.9023381447371577,-3.5971225997855068e-12,1.5,1.5,2,0
-2.715538014530754,2.611244553918368e-12,1.5,1.5,2,0
-2.528737884321899,9.9120711638534e-13,1.5,1.5,2,0
-2.341937754113044,-6.288303211476889e-13,1.5,1.5,2,0
-2.155137623904855,-3.570477247194503e-13,1.5,1.5,2,0
-1.968337493696665,-8.526512829121207e-14,1.5,1.5,2,0
-1.7815373634882905,4.529709940470639e-13,1.5,1.5,2,0
-1.5947372332799148,9.9120711638534e-13,1.5,1.5,2,0
-1.4079371030716086,-1.4335199693960025e-12,1.5,1.5,2,0
-1.2211369728633024,-3.858247055177343e-12,1.5,1.5,2,0
-1.034336842654879,5.291767024573348e-12,1.5,1.5,2,0
-0.8475367124464555,1.4441781104324036e-11,1.5,1.5,2,0
-0.6607365822384635,-1.9760193481488383e-11,1.5,1.5,2,0
-0.4739364520304718,-5.39621680673008e-11,1.5,1.5,2,0
-0.2871363218291199,-7.479403762999936e-10,1.5,1.5,2,0
-0.1003361916277681,-1.4419185845326863e-09,1.5,1.5,2,0
-0.0752521437208261,-1.0814389383995147e-09,1.5,1.5,2,0
-0.050168095813884,-7.209592922663433e-10,1.5,1.5,2,0
-0.025084047906942,-3.604796461331716e-10,1.5,1.5,2,0
